Project Name,Package Name,Type Name,NOF,NOPF,NOM,NOPM,LOC,WMC,NC,DIT,LCOM,FANIN,FANOUT,File path,Line no
a3,com.nonononoki.alovoa,ToolsTest,0,0,4,0,79,4,0,0,-1.0,0,5,/Users/stellawu/Desktop/a3/alovoa/src/test/java/com/nonononoki/alovoa/ToolsTest.java,17
a3,com.nonononoki.alovoa,AlovoaApplication,0,0,1,1,6,1,0,0,-1.0,0,0,/Users/stellawu/Desktop/a3/alovoa/src/main/java/com/nonononoki/alovoa/AlovoaApplication.java,14
a3,com.nonononoki.alovoa,Tools,23,18,26,25,192,40,0,0,0.6153846153846154,26,3,/Users/stellawu/Desktop/a3/alovoa/src/main/java/com/nonononoki/alovoa/Tools.java,27
a3,com.nonononoki.alovoa.util,AuthTestUtil,0,0,2,2,19,2,0,0,-1.0,1,1,/Users/stellawu/Desktop/a3/alovoa/src/test/java/com/nonononoki/alovoa/util/AuthTestUtil.java,13
a3,com.nonononoki.alovoa.runner,TextEncryptorConverterTest,3,0,2,2,15,2,0,0,0.0,0,1,/Users/stellawu/Desktop/a3/alovoa/src/test/java/com/nonononoki/alovoa/runner/TextEncryptorConverterTest.java,21
a3,com.nonononoki.alovoa.html,PrivacyResourceTest,1,0,1,0,6,1,0,0,0.0,0,1,/Users/stellawu/Desktop/a3/alovoa/src/test/java/com/nonononoki/alovoa/html/PrivacyResourceTest.java,9
a3,com.nonononoki.alovoa.html,DonateListResourceTest,1,0,1,0,6,1,0,0,0.0,0,1,/Users/stellawu/Desktop/a3/alovoa/src/test/java/com/nonononoki/alovoa/html/DonateListResourceTest.java,9
a3,com.nonononoki.alovoa.html,UserProfileResourceTest,12,0,3,0,38,3,0,0,0.0,0,12,/Users/stellawu/Desktop/a3/alovoa/src/test/java/com/nonononoki/alovoa/html/UserProfileResourceTest.java,36
a3,com.nonononoki.alovoa.html,MessageResourceTest,11,0,3,0,44,3,0,0,0.0,0,12,/Users/stellawu/Desktop/a3/alovoa/src/test/java/com/nonononoki/alovoa/html/MessageResourceTest.java,32
a3,com.nonononoki.alovoa.html,ImprintResourceTest,1,0,1,0,6,1,0,0,0.0,0,1,/Users/stellawu/Desktop/a3/alovoa/src/test/java/com/nonononoki/alovoa/html/ImprintResourceTest.java,9
a3,com.nonononoki.alovoa.html,PasswordResourceTest,11,0,3,0,26,3,0,0,0.0,0,9,/Users/stellawu/Desktop/a3/alovoa/src/test/java/com/nonononoki/alovoa/html/PasswordResourceTest.java,28
a3,com.nonononoki.alovoa.html,BlockedUsersResourceTest,11,0,3,0,33,3,0,0,0.0,0,11,/Users/stellawu/Desktop/a3/alovoa/src/test/java/com/nonononoki/alovoa/html/BlockedUsersResourceTest.java,30
a3,com.nonononoki.alovoa.html,TermsConditionsResourceTest,1,0,1,0,6,1,0,0,0.0,0,1,/Users/stellawu/Desktop/a3/alovoa/src/test/java/com/nonononoki/alovoa/html/TermsConditionsResourceTest.java,9
a3,com.nonononoki.alovoa.html,DonateResourceTest,11,0,3,0,25,3,0,0,0.0,0,9,/Users/stellawu/Desktop/a3/alovoa/src/test/java/com/nonononoki/alovoa/html/DonateResourceTest.java,28
a3,com.nonononoki.alovoa.html,LoginResourceTest,1,0,1,0,6,1,0,0,0.0,0,1,/Users/stellawu/Desktop/a3/alovoa/src/test/java/com/nonononoki/alovoa/html/LoginResourceTest.java,9
a3,com.nonononoki.alovoa.html,SearchResourceTest,11,0,3,0,25,3,0,0,0.0,0,9,/Users/stellawu/Desktop/a3/alovoa/src/test/java/com/nonononoki/alovoa/html/SearchResourceTest.java,28
a3,com.nonononoki.alovoa.html,RegisterResourceTest,1,0,1,0,6,1,0,0,0.0,0,1,/Users/stellawu/Desktop/a3/alovoa/src/test/java/com/nonononoki/alovoa/html/RegisterResourceTest.java,9
a3,com.nonononoki.alovoa.html,FaqResourceTest,1,0,1,0,6,1,0,0,0.0,0,1,/Users/stellawu/Desktop/a3/alovoa/src/test/java/com/nonononoki/alovoa/html/FaqResourceTest.java,9
a3,com.nonononoki.alovoa.html,NotificationResourceTest,11,0,3,0,34,3,0,0,0.0,0,11,/Users/stellawu/Desktop/a3/alovoa/src/test/java/com/nonononoki/alovoa/html/NotificationResourceTest.java,30
a3,com.nonononoki.alovoa.html,TosResourceTest,1,0,1,0,6,1,0,0,0.0,0,1,/Users/stellawu/Desktop/a3/alovoa/src/test/java/com/nonononoki/alovoa/html/TosResourceTest.java,9
a3,com.nonononoki.alovoa.html,IndexResourceTest,1,0,1,0,6,1,0,0,0.0,0,1,/Users/stellawu/Desktop/a3/alovoa/src/test/java/com/nonononoki/alovoa/html/IndexResourceTest.java,9
a3,com.nonononoki.alovoa.html,AdminResourceTest,3,0,1,0,10,1,0,0,0.0,0,4,/Users/stellawu/Desktop/a3/alovoa/src/test/java/com/nonononoki/alovoa/html/AdminResourceTest.java,15
a3,com.nonononoki.alovoa.html,ProfileResourceTest,11,0,3,0,25,3,0,0,0.0,0,9,/Users/stellawu/Desktop/a3/alovoa/src/test/java/com/nonononoki/alovoa/html/ProfileResourceTest.java,28
a3,com.nonononoki.alovoa.html,DeleteAccountResourceTest,11,0,3,0,25,3,0,0,0.0,0,9,/Users/stellawu/Desktop/a3/alovoa/src/test/java/com/nonononoki/alovoa/html/DeleteAccountResourceTest.java,28
a3,com.nonononoki.alovoa.html,InfoResource,4,0,1,1,11,1,0,0,0.0,0,4,/Users/stellawu/Desktop/a3/alovoa/src/main/java/com/nonononoki/alovoa/html/InfoResource.java,16
a3,com.nonononoki.alovoa.html,NotificationResource,5,1,1,1,28,3,0,0,0.0,3,9,/Users/stellawu/Desktop/a3/alovoa/src/main/java/com/nonononoki/alovoa/html/NotificationResource.java,28
a3,com.nonononoki.alovoa.html,ApiResource,10,0,11,11,45,11,0,0,0.9090909090909091,0,11,/Users/stellawu/Desktop/a3/alovoa/src/main/java/com/nonononoki/alovoa/html/ApiResource.java,22
a3,com.nonononoki.alovoa.html,DislikedUsersResource,4,0,1,1,19,2,0,0,0.0,1,6,/Users/stellawu/Desktop/a3/alovoa/src/main/java/com/nonononoki/alovoa/html/DislikedUsersResource.java,27
a3,com.nonononoki.alovoa.html,FaqResource,0,0,1,1,6,1,0,0,-1.0,1,0,/Users/stellawu/Desktop/a3/alovoa/src/main/java/com/nonononoki/alovoa/html/FaqResource.java,7
a3,com.nonononoki.alovoa.html,UserProfileResource,4,0,3,3,44,8,0,0,0.0,1,9,/Users/stellawu/Desktop/a3/alovoa/src/main/java/com/nonononoki/alovoa/html/UserProfileResource.java,28
a3,com.nonononoki.alovoa.html,DonateResource,3,0,1,1,11,1,0,0,0.0,2,6,/Users/stellawu/Desktop/a3/alovoa/src/main/java/com/nonononoki/alovoa/html/DonateResource.java,22
a3,com.nonononoki.alovoa.html,DeleteAccountResource,4,0,1,1,20,2,0,0,0.0,1,7,/Users/stellawu/Desktop/a3/alovoa/src/main/java/com/nonononoki/alovoa/html/DeleteAccountResource.java,27
a3,com.nonononoki.alovoa.html,TermsConditionsResource,0,0,1,1,6,1,0,0,-1.0,1,1,/Users/stellawu/Desktop/a3/alovoa/src/main/java/com/nonononoki/alovoa/html/TermsConditionsResource.java,18
a3,com.nonononoki.alovoa.html,ProfileOnboardingResource,6,1,1,1,28,3,0,0,0.0,4,8,/Users/stellawu/Desktop/a3/alovoa/src/main/java/com/nonononoki/alovoa/html/ProfileOnboardingResource.java,16
a3,com.nonononoki.alovoa.html,TosResource,7,0,1,1,18,1,0,0,0.0,1,2,/Users/stellawu/Desktop/a3/alovoa/src/main/java/com/nonononoki/alovoa/html/TosResource.java,21
a3,com.nonononoki.alovoa.html,DonateListResource,0,0,1,1,6,1,0,0,-1.0,1,0,/Users/stellawu/Desktop/a3/alovoa/src/main/java/com/nonononoki/alovoa/html/DonateListResource.java,7
a3,com.nonononoki.alovoa.html,IndexResource,1,0,1,1,16,3,0,0,0.0,1,5,/Users/stellawu/Desktop/a3/alovoa/src/main/java/com/nonononoki/alovoa/html/IndexResource.java,19
a3,com.nonononoki.alovoa.html,BlockedUsersResource,4,0,1,1,19,2,0,0,0.0,2,6,/Users/stellawu/Desktop/a3/alovoa/src/main/java/com/nonononoki/alovoa/html/BlockedUsersResource.java,27
a3,com.nonononoki.alovoa.html,AdminResource,6,1,1,1,21,2,0,0,0.0,3,8,/Users/stellawu/Desktop/a3/alovoa/src/main/java/com/nonononoki/alovoa/html/AdminResource.java,27
a3,com.nonononoki.alovoa.html,PasswordResource,3,0,2,2,18,2,0,0,0.0,1,6,/Users/stellawu/Desktop/a3/alovoa/src/main/java/com/nonononoki/alovoa/html/PasswordResource.java,24
a3,com.nonononoki.alovoa.html,SearchResource,7,1,1,1,37,5,0,0,0.0,4,9,/Users/stellawu/Desktop/a3/alovoa/src/main/java/com/nonononoki/alovoa/html/SearchResource.java,29
a3,com.nonononoki.alovoa.html,ErrorResource,0,0,1,1,5,1,0,0,-1.0,0,0,/Users/stellawu/Desktop/a3/alovoa/src/main/java/com/nonononoki/alovoa/html/ErrorResource.java,7
a3,com.nonononoki.alovoa.html,AdminVerificationResource,5,1,1,1,19,2,0,0,0.0,0,8,/Users/stellawu/Desktop/a3/alovoa/src/main/java/com/nonononoki/alovoa/html/AdminVerificationResource.java,27
a3,com.nonononoki.alovoa.html,RegisterResource,5,1,3,3,33,4,0,0,0.6666666666666666,2,7,/Users/stellawu/Desktop/a3/alovoa/src/main/java/com/nonononoki/alovoa/html/RegisterResource.java,16
a3,com.nonononoki.alovoa.html,MessageResource,6,0,2,2,43,6,0,0,0.0,2,11,/Users/stellawu/Desktop/a3/alovoa/src/main/java/com/nonononoki/alovoa/html/MessageResource.java,31
a3,com.nonononoki.alovoa.html,LikedUsersResource,4,0,1,1,19,2,0,0,0.0,1,6,/Users/stellawu/Desktop/a3/alovoa/src/main/java/com/nonononoki/alovoa/html/LikedUsersResource.java,27
a3,com.nonononoki.alovoa.html,LoginResource,3,1,1,1,13,2,0,0,0.0,2,4,/Users/stellawu/Desktop/a3/alovoa/src/main/java/com/nonononoki/alovoa/html/LoginResource.java,13
a3,com.nonononoki.alovoa.html,ProfileResource,13,1,3,2,94,11,0,0,0.0,5,12,/Users/stellawu/Desktop/a3/alovoa/src/main/java/com/nonononoki/alovoa/html/ProfileResource.java,29
a3,com.nonononoki.alovoa.html,ImprintResource,1,0,1,1,8,1,0,0,0.0,1,0,/Users/stellawu/Desktop/a3/alovoa/src/main/java/com/nonononoki/alovoa/html/ImprintResource.java,8
a3,com.nonononoki.alovoa.html,PrivacyResource,5,0,1,1,15,1,0,0,0.0,1,2,/Users/stellawu/Desktop/a3/alovoa/src/main/java/com/nonononoki/alovoa/html/PrivacyResource.java,21
a3,com.nonononoki.alovoa.service,SearchAndMessageServiceTest,28,0,3,0,236,4,0,0,0.0,0,20,/Users/stellawu/Desktop/a3/alovoa/src/test/java/com/nonononoki/alovoa/service/SearchAndMessageServiceTest.java,36
a3,com.nonononoki.alovoa.service,NotificationServiceTest,15,0,3,0,43,4,0,0,0.0,0,12,/Users/stellawu/Desktop/a3/alovoa/src/test/java/com/nonononoki/alovoa/service/NotificationServiceTest.java,26
a3,com.nonononoki.alovoa.service,CaptchaServiceTest,2,0,1,0,9,1,0,0,0.0,0,2,/Users/stellawu/Desktop/a3/alovoa/src/test/java/com/nonononoki/alovoa/service/CaptchaServiceTest.java,13
a3,com.nonononoki.alovoa.service,ScheduleServiceTest,18,0,4,0,82,4,0,0,0.0,0,17,/Users/stellawu/Desktop/a3/alovoa/src/test/java/com/nonononoki/alovoa/service/ScheduleServiceTest.java,31
a3,com.nonononoki.alovoa.service,RegisterServiceTest,21,0,4,2,112,9,0,0,0.0,17,17,/Users/stellawu/Desktop/a3/alovoa/src/test/java/com/nonononoki/alovoa/service/RegisterServiceTest.java,34
a3,com.nonononoki.alovoa.service,MailServiceTest,12,0,3,0,40,3,0,0,0.0,0,12,/Users/stellawu/Desktop/a3/alovoa/src/test/java/com/nonononoki/alovoa/service/MailServiceTest.java,22
a3,com.nonononoki.alovoa.service,PasswordServiceTest,15,0,3,0,47,4,0,0,0.0,0,15,/Users/stellawu/Desktop/a3/alovoa/src/test/java/com/nonononoki/alovoa/service/PasswordServiceTest.java,30
a3,com.nonononoki.alovoa.service,AdminServiceTest,17,0,5,0,76,5,0,0,0.0,0,21,/Users/stellawu/Desktop/a3/alovoa/src/test/java/com/nonononoki/alovoa/service/AdminServiceTest.java,35
a3,com.nonononoki.alovoa.service,UserServiceTest,19,0,8,0,269,8,0,0,0.0,0,17,/Users/stellawu/Desktop/a3/alovoa/src/test/java/com/nonononoki/alovoa/service/UserServiceTest.java,43
a3,com.nonononoki.alovoa.service,DonateServiceTest,16,0,4,0,57,4,0,0,0.0,0,13,/Users/stellawu/Desktop/a3/alovoa/src/test/java/com/nonononoki/alovoa/service/DonateServiceTest.java,29
a3,com.nonononoki.alovoa.service,RegisterService,23,0,7,5,227,32,0,0,0.0,20,19,/Users/stellawu/Desktop/a3/alovoa/src/main/java/com/nonononoki/alovoa/service/RegisterService.java,42
a3,com.nonononoki.alovoa.service,AdminService,14,0,13,12,182,25,0,0,0.0,2,24,/Users/stellawu/Desktop/a3/alovoa/src/main/java/com/nonononoki/alovoa/service/AdminService.java,32
a3,com.nonononoki.alovoa.service,CaptchaService,8,0,4,2,57,6,0,0,0.0,24,3,/Users/stellawu/Desktop/a3/alovoa/src/main/java/com/nonononoki/alovoa/service/CaptchaService.java,24
a3,com.nonononoki.alovoa.service,UserService,38,0,47,43,809,139,0,0,0.0,41,42,/Users/stellawu/Desktop/a3/alovoa/src/main/java/com/nonononoki/alovoa/service/UserService.java,51
a3,com.nonononoki.alovoa.service,DonateService,16,0,3,3,125,19,0,0,0.0,2,12,/Users/stellawu/Desktop/a3/alovoa/src/main/java/com/nonononoki/alovoa/service/DonateService.java,32
a3,com.nonononoki.alovoa.service,MailService,7,0,10,9,91,13,0,0,0.0,21,2,/Users/stellawu/Desktop/a3/alovoa/src/main/java/com/nonononoki/alovoa/service/MailService.java,24
a3,com.nonononoki.alovoa.service,ScheduleService,9,0,5,5,60,9,0,0,0.0,1,5,/Users/stellawu/Desktop/a3/alovoa/src/main/java/com/nonononoki/alovoa/service/ScheduleService.java,22
a3,com.nonononoki.alovoa.service,PasswordService,8,0,2,2,67,13,0,0,0.0,2,11,/Users/stellawu/Desktop/a3/alovoa/src/main/java/com/nonononoki/alovoa/service/PasswordService.java,26
a3,com.nonononoki.alovoa.service,ImprintService,3,0,1,1,16,2,0,0,0.0,2,6,/Users/stellawu/Desktop/a3/alovoa/src/main/java/com/nonononoki/alovoa/service/ImprintService.java,15
a3,com.nonononoki.alovoa.service,AuthService,2,0,3,3,43,9,0,0,0.6666666666666666,48,4,/Users/stellawu/Desktop/a3/alovoa/src/main/java/com/nonononoki/alovoa/service/AuthService.java,17
a3,com.nonononoki.alovoa.service,NotificationService,9,0,6,5,76,10,0,0,0.0,4,8,/Users/stellawu/Desktop/a3/alovoa/src/main/java/com/nonononoki/alovoa/service/NotificationService.java,32
a3,com.nonononoki.alovoa.service,SearchService,23,6,6,4,0,35,0,0,0.0,2,11,/Users/stellawu/Desktop/a3/alovoa/src/main/java/com/nonononoki/alovoa/service/SearchService.java,33
a3,com.nonononoki.alovoa.service,MessageService,5,0,2,2,67,10,0,0,0.0,2,9,/Users/stellawu/Desktop/a3/alovoa/src/main/java/com/nonononoki/alovoa/service/MessageService.java,22
a3,com.nonononoki.alovoa.service,PublicService,1,0,1,1,7,1,0,0,0.0,7,0,/Users/stellawu/Desktop/a3/alovoa/src/main/java/com/nonononoki/alovoa/service/PublicService.java,10
a3,com.nonononoki.alovoa.config,WebMvcConfig,0,0,5,3,22,5,0,0,-1.0,0,0,/Users/stellawu/Desktop/a3/alovoa/src/main/java/com/nonononoki/alovoa/config/WebMvcConfig.java,17
a3,com.nonononoki.alovoa.config,SecurityConfig,10,4,15,5,88,16,0,0,0.26666666666666666,5,6,/Users/stellawu/Desktop/a3/alovoa/src/main/java/com/nonononoki/alovoa/config/SecurityConfig.java,44
a3,com.nonononoki.alovoa.config,EventListenerConfig,14,0,6,5,98,12,0,0,0.0,0,17,/Users/stellawu/Desktop/a3/alovoa/src/main/java/com/nonononoki/alovoa/config/EventListenerConfig.java,33
a3,com.nonononoki.alovoa.entity,Contact,5,0,0,0,7,0,0,0,-1.0,4,0,/Users/stellawu/Desktop/a3/alovoa/src/main/java/com/nonononoki/alovoa/entity/Contact.java,16
a3,com.nonononoki.alovoa.entity,User,60,6,16,14,137,17,0,0,0.4375,86,11,/Users/stellawu/Desktop/a3/alovoa/src/main/java/com/nonononoki/alovoa/entity/User.java,21
a3,com.nonononoki.alovoa.entity,Captcha,5,0,0,0,7,0,0,0,-1.0,9,0,/Users/stellawu/Desktop/a3/alovoa/src/main/java/com/nonononoki/alovoa/entity/Captcha.java,15
a3,com.nonononoki.alovoa.entity.user,UserDonation,4,0,0,0,6,0,0,0,-1.0,4,1,/Users/stellawu/Desktop/a3/alovoa/src/main/java/com/nonononoki/alovoa/entity/user/UserDonation.java,17
a3,com.nonononoki.alovoa.entity.user,ConversationCheckedDate,4,0,0,0,6,0,0,0,-1.0,1,1,/Users/stellawu/Desktop/a3/alovoa/src/main/java/com/nonononoki/alovoa/entity/user/ConversationCheckedDate.java,14
a3,com.nonononoki.alovoa.entity.user,Message,7,0,0,0,9,0,0,0,-1.0,3,2,/Users/stellawu/Desktop/a3/alovoa/src/main/java/com/nonononoki/alovoa/entity/user/Message.java,21
a3,com.nonononoki.alovoa.entity.user,UserRegisterToken,4,0,0,0,6,0,0,0,-1.0,4,1,/Users/stellawu/Desktop/a3/alovoa/src/main/java/com/nonononoki/alovoa/entity/user/UserRegisterToken.java,18
a3,com.nonononoki.alovoa.entity.user,UserNotification,6,1,0,0,8,0,0,0,-1.0,5,1,/Users/stellawu/Desktop/a3/alovoa/src/main/java/com/nonononoki/alovoa/entity/user/UserNotification.java,18
a3,com.nonononoki.alovoa.entity.user,UserWebPush,6,0,0,0,8,0,0,0,-1.0,3,1,/Users/stellawu/Desktop/a3/alovoa/src/main/java/com/nonononoki/alovoa/entity/user/UserWebPush.java,17
a3,com.nonononoki.alovoa.entity.user,UserHide,4,0,0,0,6,0,0,0,-1.0,3,1,/Users/stellawu/Desktop/a3/alovoa/src/main/java/com/nonononoki/alovoa/entity/user/UserHide.java,17
a3,com.nonononoki.alovoa.entity.user,UserLike,4,0,0,0,6,0,0,0,-1.0,2,1,/Users/stellawu/Desktop/a3/alovoa/src/main/java/com/nonononoki/alovoa/entity/user/UserLike.java,17
a3,com.nonononoki.alovoa.entity.user,UserInterest,3,0,2,2,18,4,0,0,0.0,2,1,/Users/stellawu/Desktop/a3/alovoa/src/main/java/com/nonononoki/alovoa/entity/user/UserInterest.java,15
a3,com.nonononoki.alovoa.entity.user,UserImage,4,0,0,0,6,0,0,0,-1.0,1,1,/Users/stellawu/Desktop/a3/alovoa/src/main/java/com/nonononoki/alovoa/entity/user/UserImage.java,18
a3,com.nonononoki.alovoa.entity.user,UserPasswordToken,4,0,0,0,6,0,0,0,-1.0,5,1,/Users/stellawu/Desktop/a3/alovoa/src/main/java/com/nonononoki/alovoa/entity/user/UserPasswordToken.java,18
a3,com.nonononoki.alovoa.entity.user,UserReport,6,0,0,0,8,0,0,0,-1.0,4,1,/Users/stellawu/Desktop/a3/alovoa/src/main/java/com/nonononoki/alovoa/entity/user/UserReport.java,18
a3,com.nonononoki.alovoa.entity.user,UserProfilePicture,3,0,0,0,5,0,0,0,-1.0,2,1,/Users/stellawu/Desktop/a3/alovoa/src/main/java/com/nonononoki/alovoa/entity/user/UserProfilePicture.java,17
a3,com.nonononoki.alovoa.entity.user,UserAudio,3,0,0,0,5,0,0,0,-1.0,2,1,/Users/stellawu/Desktop/a3/alovoa/src/main/java/com/nonononoki/alovoa/entity/user/UserAudio.java,17
a3,com.nonononoki.alovoa.entity.user,UserDeleteToken,4,0,0,0,6,0,0,0,-1.0,6,1,/Users/stellawu/Desktop/a3/alovoa/src/main/java/com/nonononoki/alovoa/entity/user/UserDeleteToken.java,18
a3,com.nonononoki.alovoa.entity.user,UserBlock,4,0,0,0,6,0,0,0,-1.0,4,1,/Users/stellawu/Desktop/a3/alovoa/src/main/java/com/nonononoki/alovoa/entity/user/UserBlock.java,17
a3,com.nonononoki.alovoa.entity.user,Conversation,7,0,3,3,22,3,0,0,0.0,9,3,/Users/stellawu/Desktop/a3/alovoa/src/main/java/com/nonononoki/alovoa/entity/user/Conversation.java,21
a3,com.nonononoki.alovoa.entity.user,UserDates,11,0,0,0,13,0,0,0,-1.0,4,1,/Users/stellawu/Desktop/a3/alovoa/src/main/java/com/nonononoki/alovoa/entity/user/UserDates.java,19
a3,com.nonononoki.alovoa.entity.user,Gender,7,3,0,0,9,0,0,0,-1.0,7,0,/Users/stellawu/Desktop/a3/alovoa/src/main/java/com/nonononoki/alovoa/entity/user/Gender.java,20
a3,com.nonononoki.alovoa.entity.user,UserVerificationPicture,7,0,0,0,9,0,0,0,-1.0,4,1,/Users/stellawu/Desktop/a3/alovoa/src/main/java/com/nonononoki/alovoa/entity/user/UserVerificationPicture.java,20
a3,com.nonononoki.alovoa.entity.user,UserMiscInfo,13,10,0,0,15,0,0,0,-1.0,3,0,/Users/stellawu/Desktop/a3/alovoa/src/main/java/com/nonononoki/alovoa/entity/user/UserMiscInfo.java,19
a3,com.nonononoki.alovoa.entity.user,UserIntention,6,3,0,0,8,0,0,0,-1.0,8,0,/Users/stellawu/Desktop/a3/alovoa/src/main/java/com/nonononoki/alovoa/entity/user/UserIntention.java,19
a3,com.nonononoki.alovoa.component,RestExceptionHandler,2,0,1,0,15,2,0,0,0.0,0,0,/Users/stellawu/Desktop/a3/alovoa/src/main/java/com/nonononoki/alovoa/component/RestExceptionHandler.java,20
a3,com.nonononoki.alovoa.component,SuccessHandler,5,0,2,2,33,4,0,0,0.0,1,5,/Users/stellawu/Desktop/a3/alovoa/src/main/java/com/nonononoki/alovoa/component/SuccessHandler.java,24
a3,com.nonononoki.alovoa.component,AuthProvider,4,0,2,2,50,10,0,0,1.0,1,7,/Users/stellawu/Desktop/a3/alovoa/src/main/java/com/nonononoki/alovoa/component/AuthProvider.java,29
a3,com.nonononoki.alovoa.component,CustomTokenBasedRememberMeServices,2,2,8,5,63,12,0,0,0.5,1,0,/Users/stellawu/Desktop/a3/alovoa/src/main/java/com/nonononoki/alovoa/component/CustomTokenBasedRememberMeServices.java,17
a3,com.nonononoki.alovoa.component,TextEncryptorConverter,8,0,8,4,60,12,0,0,0.0,28,0,/Users/stellawu/Desktop/a3/alovoa/src/main/java/com/nonononoki/alovoa/component/TextEncryptorConverter.java,21
a3,com.nonononoki.alovoa.component,AuthFilter,5,1,1,1,17,1,0,0,0.0,2,1,/Users/stellawu/Desktop/a3/alovoa/src/main/java/com/nonononoki/alovoa/component/AuthFilter.java,13
a3,com.nonononoki.alovoa.component,FailureHandler,1,0,1,1,7,1,0,0,0.0,1,0,/Users/stellawu/Desktop/a3/alovoa/src/main/java/com/nonononoki/alovoa/component/FailureHandler.java,14
a3,com.nonononoki.alovoa.component,CustomUserDetailsService,1,0,1,1,10,2,0,0,0.0,1,2,/Users/stellawu/Desktop/a3/alovoa/src/main/java/com/nonononoki/alovoa/component/CustomUserDetailsService.java,12
a3,com.nonononoki.alovoa.model,ConversationDto,7,0,1,1,25,3,0,0,0.0,1,5,/Users/stellawu/Desktop/a3/alovoa/src/main/java/com/nonononoki/alovoa/model/ConversationDto.java,19
a3,com.nonononoki.alovoa.model,UserInterestDto,3,0,1,1,9,1,0,0,0.0,0,0,/Users/stellawu/Desktop/a3/alovoa/src/main/java/com/nonononoki/alovoa/model/UserInterestDto.java,5
a3,com.nonononoki.alovoa.model,NotificationDto,3,0,1,1,12,1,0,0,0.0,1,6,/Users/stellawu/Desktop/a3/alovoa/src/main/java/com/nonononoki/alovoa/model/NotificationDto.java,18
a3,com.nonononoki.alovoa.model,ContactDto,4,0,0,0,6,0,0,0,-1.0,3,0,/Users/stellawu/Desktop/a3/alovoa/src/main/java/com/nonononoki/alovoa/model/ContactDto.java,5
a3,com.nonononoki.alovoa.model,ProfileWarningDto,6,0,0,0,8,0,0,0,-1.0,1,0,/Users/stellawu/Desktop/a3/alovoa/src/main/java/com/nonononoki/alovoa/model/ProfileWarningDto.java,6
a3,com.nonononoki.alovoa.model,PasswordResetDto,3,0,0,0,5,0,0,0,-1.0,3,0,/Users/stellawu/Desktop/a3/alovoa/src/main/java/com/nonononoki/alovoa/model/PasswordResetDto.java,5
a3,com.nonononoki.alovoa.model,AuthToken,4,0,2,2,20,2,0,0,0.0,2,0,/Users/stellawu/Desktop/a3/alovoa/src/main/java/com/nonononoki/alovoa/model/AuthToken.java,8
a3,com.nonononoki.alovoa.model,DonationBmac,5,0,0,0,9,0,0,0,-1.0,3,0,/Users/stellawu/Desktop/a3/alovoa/src/main/java/com/nonononoki/alovoa/model/DonationBmac.java,5
a3,com.nonononoki.alovoa.model,DonationBmac.DonationBmacResponse,4,0,0,0,6,0,0,0,-1.0,0,0,/Users/stellawu/Desktop/a3/alovoa/src/main/java/com/nonononoki/alovoa/model/DonationBmac.java,10
a3,com.nonononoki.alovoa.model,PasswordChangeDto,3,0,0,0,5,0,0,0,-1.0,3,0,/Users/stellawu/Desktop/a3/alovoa/src/main/java/com/nonononoki/alovoa/model/PasswordChangeDto.java,5
a3,com.nonononoki.alovoa.model,AlovoaException,2,1,1,1,7,1,0,0,0.0,49,0,/Users/stellawu/Desktop/a3/alovoa/src/main/java/com/nonononoki/alovoa/model/AlovoaException.java,3
a3,com.nonononoki.alovoa.model,UserDeleteAccountDto,5,0,0,0,7,0,0,0,-1.0,4,0,/Users/stellawu/Desktop/a3/alovoa/src/main/java/com/nonononoki/alovoa/model/UserDeleteAccountDto.java,5
a3,com.nonononoki.alovoa.model,DonationKofi,10,0,0,0,12,0,0,0,-1.0,3,0,/Users/stellawu/Desktop/a3/alovoa/src/main/java/com/nonononoki/alovoa/model/DonationKofi.java,5
a3,com.nonononoki.alovoa.model,SearchDto,5,0,0,0,8,0,0,0,-1.0,2,0,/Users/stellawu/Desktop/a3/alovoa/src/main/java/com/nonononoki/alovoa/model/SearchDto.java,8
a3,com.nonononoki.alovoa.model,SearchDto.SearchStage,0,0,0,0,1,0,0,0,-1.0,0,0,/Users/stellawu/Desktop/a3/alovoa/src/main/java/com/nonononoki/alovoa/model/SearchDto.java,12
a3,com.nonononoki.alovoa.model,UserGdpr,29,0,1,1,70,4,0,0,0.0,2,4,/Users/stellawu/Desktop/a3/alovoa/src/main/java/com/nonononoki/alovoa/model/UserGdpr.java,10
a3,com.nonononoki.alovoa.model,AdminAccountDeleteDto,1,0,0,0,3,0,0,0,-1.0,2,0,/Users/stellawu/Desktop/a3/alovoa/src/main/java/com/nonononoki/alovoa/model/AdminAccountDeleteDto.java,5
a3,com.nonononoki.alovoa.model,UserVerificationDto,4,0,1,1,14,1,0,0,0.0,1,5,/Users/stellawu/Desktop/a3/alovoa/src/main/java/com/nonononoki/alovoa/model/UserVerificationDto.java,16
a3,com.nonononoki.alovoa.model,ProfileOnboardingDto,5,0,0,0,7,0,0,0,-1.0,2,0,/Users/stellawu/Desktop/a3/alovoa/src/main/java/com/nonononoki/alovoa/model/ProfileOnboardingDto.java,8
a3,com.nonononoki.alovoa.model,MailDto,3,0,0,0,5,0,0,0,-1.0,3,0,/Users/stellawu/Desktop/a3/alovoa/src/main/java/com/nonononoki/alovoa/model/MailDto.java,5
a3,com.nonononoki.alovoa.model,BaseRegisterDto,2,0,0,0,4,0,0,0,-1.0,1,2,/Users/stellawu/Desktop/a3/alovoa/src/main/java/com/nonononoki/alovoa/model/BaseRegisterDto.java,7
a3,com.nonononoki.alovoa.model,MessageDto,5,0,2,2,23,3,0,0,0.0,2,2,/Users/stellawu/Desktop/a3/alovoa/src/main/java/com/nonononoki/alovoa/model/MessageDto.java,12
a3,com.nonononoki.alovoa.model,WebPushMessage,3,0,0,0,5,0,0,0,-1.0,1,0,/Users/stellawu/Desktop/a3/alovoa/src/main/java/com/nonononoki/alovoa/model/WebPushMessage.java,5
a3,com.nonononoki.alovoa.model,RegisterDto,8,0,0,0,10,0,0,0,-1.0,4,0,/Users/stellawu/Desktop/a3/alovoa/src/main/java/com/nonononoki/alovoa/model/RegisterDto.java,7
a3,com.nonononoki.alovoa.model,WebPushDto,6,0,1,1,18,1,0,0,0.0,1,2,/Users/stellawu/Desktop/a3/alovoa/src/main/java/com/nonononoki/alovoa/model/WebPushDto.java,10
a3,com.nonononoki.alovoa.model,DonationDto,4,0,6,6,60,12,0,0,0.5,1,6,/Users/stellawu/Desktop/a3/alovoa/src/main/java/com/nonononoki/alovoa/model/DonationDto.java,20
a3,com.nonononoki.alovoa.model,UserDto,61,10,7,7,232,42,0,0,0.5714285714285714,25,9,/Users/stellawu/Desktop/a3/alovoa/src/main/java/com/nonononoki/alovoa/model/UserDto.java,23
a3,com.nonononoki.alovoa.model,UserDto.UserDtoVerificationPicture,8,0,0,0,31,0,0,0,-1.0,0,0,/Users/stellawu/Desktop/a3/alovoa/src/main/java/com/nonononoki/alovoa/model/UserDto.java,262
a3,com.nonononoki.alovoa.model,UserDeleteParams,8,0,0,0,10,0,0,0,-1.0,3,8,/Users/stellawu/Desktop/a3/alovoa/src/main/java/com/nonononoki/alovoa/model/UserDeleteParams.java,7
a3,com.nonononoki.alovoa.model,InfoDto,5,0,0,0,7,0,0,0,-1.0,0,0,/Users/stellawu/Desktop/a3/alovoa/src/main/java/com/nonononoki/alovoa/model/InfoDto.java,6
a3,com.nonononoki.alovoa.model,AuthSession,2,0,0,0,4,0,0,0,-1.0,0,0,/Users/stellawu/Desktop/a3/alovoa/src/main/java/com/nonononoki/alovoa/model/AuthSession.java,5
a3,com.nonononoki.alovoa.model,UserSearchRequest,12,0,0,0,14,0,0,0,-1.0,2,0,/Users/stellawu/Desktop/a3/alovoa/src/main/java/com/nonononoki/alovoa/model/UserSearchRequest.java,9
a3,com.nonononoki.alovoa.lib,OxCaptcha,13,0,85,79,901,186,0,0,0.10588235294117647,2,0,/Users/stellawu/Desktop/a3/alovoa/src/main/java/com/nonononoki/alovoa/lib/OxCaptcha.java,32
a3,com.nonononoki.alovoa.repo,GenderRepository,0,0,1,0,3,1,0,0,-1.0,6,1,/Users/stellawu/Desktop/a3/alovoa/src/main/java/com/nonononoki/alovoa/repo/GenderRepository.java,7
a3,com.nonononoki.alovoa.repo,UserDatesRepository,0,0,0,0,2,0,0,0,-1.0,0,0,/Users/stellawu/Desktop/a3/alovoa/src/main/java/com/nonononoki/alovoa/repo/UserDatesRepository.java,7
a3,com.nonononoki.alovoa.repo,ConversationRepository,0,0,1,0,3,1,0,0,-1.0,26,0,/Users/stellawu/Desktop/a3/alovoa/src/main/java/com/nonononoki/alovoa/repo/ConversationRepository.java,9
a3,com.nonononoki.alovoa.repo,UserInterestRepository,0,0,1,0,3,1,0,0,-1.0,1,0,/Users/stellawu/Desktop/a3/alovoa/src/main/java/com/nonononoki/alovoa/repo/UserInterestRepository.java,13
a3,com.nonononoki.alovoa.repo,UserReportRepository,0,0,4,0,6,4,0,0,-1.0,8,2,/Users/stellawu/Desktop/a3/alovoa/src/main/java/com/nonononoki/alovoa/repo/UserReportRepository.java,10
a3,com.nonononoki.alovoa.repo,UserVerificationPictureRepository,0,0,3,0,5,3,0,0,-1.0,4,1,/Users/stellawu/Desktop/a3/alovoa/src/main/java/com/nonononoki/alovoa/repo/UserVerificationPictureRepository.java,9
a3,com.nonononoki.alovoa.repo,UserMiscInfoRepository,0,0,1,0,3,1,0,0,-1.0,2,1,/Users/stellawu/Desktop/a3/alovoa/src/main/java/com/nonononoki/alovoa/repo/UserMiscInfoRepository.java,7
a3,com.nonononoki.alovoa.repo,MessageRepository,0,0,2,0,4,2,0,0,-1.0,2,1,/Users/stellawu/Desktop/a3/alovoa/src/main/java/com/nonononoki/alovoa/repo/MessageRepository.java,10
a3,com.nonononoki.alovoa.repo,UserDonationRepository,0,0,1,0,3,1,0,0,-1.0,2,0,/Users/stellawu/Desktop/a3/alovoa/src/main/java/com/nonononoki/alovoa/repo/UserDonationRepository.java,10
a3,com.nonononoki.alovoa.repo,UserBlockRepository,0,0,3,0,5,3,0,0,-1.0,8,2,/Users/stellawu/Desktop/a3/alovoa/src/main/java/com/nonononoki/alovoa/repo/UserBlockRepository.java,10
a3,com.nonononoki.alovoa.repo,ConversationCheckedDateRepository,0,0,2,0,4,2,0,0,-1.0,0,1,/Users/stellawu/Desktop/a3/alovoa/src/main/java/com/nonononoki/alovoa/repo/ConversationCheckedDateRepository.java,10
a3,com.nonononoki.alovoa.repo,UserRegisterTokenRepository,0,0,2,0,4,2,0,0,-1.0,1,1,/Users/stellawu/Desktop/a3/alovoa/src/main/java/com/nonononoki/alovoa/repo/UserRegisterTokenRepository.java,10
a3,com.nonononoki.alovoa.repo,ContactRepository,0,0,2,0,4,2,0,0,-1.0,6,0,/Users/stellawu/Desktop/a3/alovoa/src/main/java/com/nonononoki/alovoa/repo/ContactRepository.java,10
a3,com.nonononoki.alovoa.repo,UserNotificationRepository,0,0,3,0,5,3,0,0,-1.0,5,2,/Users/stellawu/Desktop/a3/alovoa/src/main/java/com/nonononoki/alovoa/repo/UserNotificationRepository.java,10
a3,com.nonononoki.alovoa.repo,UserDeleteTokenRepository,0,0,1,0,3,1,0,0,-1.0,0,0,/Users/stellawu/Desktop/a3/alovoa/src/main/java/com/nonononoki/alovoa/repo/UserDeleteTokenRepository.java,10
a3,com.nonononoki.alovoa.repo,CaptchaRepository,0,0,2,0,4,2,0,0,-1.0,5,1,/Users/stellawu/Desktop/a3/alovoa/src/main/java/com/nonononoki/alovoa/repo/CaptchaRepository.java,9
a3,com.nonononoki.alovoa.repo,UserWebPushRepository,0,0,0,0,2,0,0,0,-1.0,1,0,/Users/stellawu/Desktop/a3/alovoa/src/main/java/com/nonononoki/alovoa/repo/UserWebPushRepository.java,7
a3,com.nonononoki.alovoa.repo,UserRepository,0,0,16,0,30,16,0,0,-1.0,38,2,/Users/stellawu/Desktop/a3/alovoa/src/main/java/com/nonononoki/alovoa/repo/UserRepository.java,16
a3,com.nonononoki.alovoa.repo,UserLikeRepository,0,0,3,0,5,3,0,0,-1.0,7,2,/Users/stellawu/Desktop/a3/alovoa/src/main/java/com/nonononoki/alovoa/repo/UserLikeRepository.java,10
a3,com.nonononoki.alovoa.repo,UserPasswordTokenRepository,0,0,2,0,4,2,0,0,-1.0,2,1,/Users/stellawu/Desktop/a3/alovoa/src/main/java/com/nonononoki/alovoa/repo/UserPasswordTokenRepository.java,10
a3,com.nonononoki.alovoa.repo,UserHideRepository,0,0,4,0,6,4,0,0,-1.0,8,2,/Users/stellawu/Desktop/a3/alovoa/src/main/java/com/nonononoki/alovoa/repo/UserHideRepository.java,14
a3,com.nonononoki.alovoa.repo,UserImageRepository,0,0,0,0,2,0,0,0,-1.0,1,0,/Users/stellawu/Desktop/a3/alovoa/src/main/java/com/nonononoki/alovoa/repo/UserImageRepository.java,7
a3,com.nonononoki.alovoa.repo,UserIntentionRepository,0,0,1,0,3,1,0,0,-1.0,6,1,/Users/stellawu/Desktop/a3/alovoa/src/main/java/com/nonononoki/alovoa/repo/UserIntentionRepository.java,7
a3,com.nonononoki.alovoa.rest,RegisterController,1,0,2,2,10,2,0,0,0.0,0,3,/Users/stellawu/Desktop/a3/alovoa/src/main/java/com/nonononoki/alovoa/rest/RegisterController.java,23
a3,com.nonononoki.alovoa.rest,PasswordController,1,0,2,2,9,2,0,0,0.0,0,4,/Users/stellawu/Desktop/a3/alovoa/src/main/java/com/nonononoki/alovoa/rest/PasswordController.java,19
a3,com.nonononoki.alovoa.rest,AdminController,1,0,12,12,39,12,0,0,0.0,0,4,/Users/stellawu/Desktop/a3/alovoa/src/main/java/com/nonononoki/alovoa/rest/AdminController.java,20
a3,com.nonononoki.alovoa.rest,NotificationController,1,0,1,1,6,1,0,0,0.0,0,3,/Users/stellawu/Desktop/a3/alovoa/src/main/java/com/nonononoki/alovoa/rest/NotificationController.java,14
a3,com.nonononoki.alovoa.rest,Oauth2Controller,15,0,5,4,112,17,0,0,0.0,0,8,/Users/stellawu/Desktop/a3/alovoa/src/main/java/com/nonononoki/alovoa/rest/Oauth2Controller.java,49
a3,com.nonononoki.alovoa.rest,ImprintController,1,0,1,1,6,1,0,0,0.0,0,3,/Users/stellawu/Desktop/a3/alovoa/src/main/java/com/nonononoki/alovoa/rest/ImprintController.java,16
a3,com.nonononoki.alovoa.rest,MessageController,4,0,3,3,48,10,0,0,0.0,1,7,/Users/stellawu/Desktop/a3/alovoa/src/main/java/com/nonononoki/alovoa/rest/MessageController.java,28
a3,com.nonononoki.alovoa.rest,SearchController,2,0,4,4,28,6,0,0,0.0,1,3,/Users/stellawu/Desktop/a3/alovoa/src/main/java/com/nonononoki/alovoa/rest/SearchController.java,24
a3,com.nonononoki.alovoa.rest,PublicController,1,0,1,1,6,1,0,0,0.0,0,1,/Users/stellawu/Desktop/a3/alovoa/src/main/java/com/nonononoki/alovoa/rest/PublicController.java,12
a3,com.nonononoki.alovoa.rest,CaptchaController,1,0,1,1,6,1,0,0,0.0,0,2,/Users/stellawu/Desktop/a3/alovoa/src/main/java/com/nonononoki/alovoa/rest/CaptchaController.java,14
a3,com.nonononoki.alovoa.rest,ApiController,5,0,4,4,34,5,0,0,0.5,0,5,/Users/stellawu/Desktop/a3/alovoa/src/main/java/com/nonononoki/alovoa/rest/ApiController.java,30
a3,com.nonononoki.alovoa.rest,ApiController.DonationDtoListModel,1,0,0,0,3,0,0,0,-1.0,0,0,/Users/stellawu/Desktop/a3/alovoa/src/main/java/com/nonononoki/alovoa/rest/ApiController.java,85
a3,com.nonononoki.alovoa.rest,ApiController.MessageDtoListModel,1,0,0,0,3,0,0,0,-1.0,0,0,/Users/stellawu/Desktop/a3/alovoa/src/main/java/com/nonononoki/alovoa/rest/ApiController.java,91
a3,com.nonononoki.alovoa.rest,DonateController,4,0,4,4,31,5,0,0,0.0,1,5,/Users/stellawu/Desktop/a3/alovoa/src/main/java/com/nonononoki/alovoa/rest/DonateController.java,39
a3,com.nonononoki.alovoa.rest,UserController,2,0,36,36,123,40,0,0,0.05555555555555555,0,5,/Users/stellawu/Desktop/a3/alovoa/src/main/java/com/nonononoki/alovoa/rest/UserController.java,30
